"Status","Start Time","Stop Time","Duration in ms","Parent Suite","Suite","Sub Suite","Test Class","Test Method","Name","Description"
"passed","Wed Oct 07 10:25:17 UTC 2026","Wed Oct 07 10:25:19 UTC 2026","1456","tests","test_practice_form","TestPracticeForm","","","test_select_dates_via_picker[chromium-15-August-2026-15 Aug 2026]",""
"passed","Wed Oct 07 10:24:28 UTC 2026","Wed Oct 07 10:24:30 UTC 2026","1539","tests","test_practice_form","TestPracticeForm","","","test_valid_phone_number[chromium-9999999999]",""
"passed","Wed Oct 07 10:26:03 UTC 2026","Wed Oct 07 10:26:05 UTC 2026","1551","tests","test_practice_form","TestPracticeForm","","","test_invalid_phone_number[chromium-]",""
"failed","Wed Oct 07 10:25:49 UTC 2026","Wed Oct 07 10:25:55 UTC 2026","6381","tests","test_practice_form","TestPracticeForm","","","test_invalid_email_regex[chromium-email.@example.com]",""
"failed","Wed Oct 07 10:24:19 UTC 2026","Wed Oct 07 10:24:25 UTC 2026","6313","tests","test_practice_form","TestPracticeForm","","","test_valid_email_regex[chromium-disposable.style.email.with+symbol@example.com]",""
"failed","Wed Oct 07 10:23:22 UTC 2026","Wed Oct 07 10:23:28 UTC 2026","6475","tests","test_practice_form","TestPracticeForm","","","test_upload_invalid_file_formats[chromium-document.pdf]",""
"passed","Wed Oct 07 10:24:57 UTC 2026","Wed Oct 07 10:24:59 UTC 2026","1506","tests","test_practice_form","TestPracticeForm","","","test_select_dates_via_picker[chromium-28-February-2025-28 Feb 2025]",""
"passed","Wed Oct 07 10:23:54 UTC 2026","Wed Oct 07 10:23:56 UTC 2026","1388","tests","test_practice_form","TestPracticeForm","","","test_gender_switch[chromium-Gender.FEMALE]",""
"passed","Wed Oct 07 10:24:54 UTC 2026","Wed Oct 07 10:24:56 UTC 2026","1522","tests","test_practice_form","TestPracticeForm","","","test_invalid_email_regex[chromium-Joe Smith <email@example.com>]",""
"passed","Wed Oct 07 10:25:12 UTC 2026","Wed Oct 07 10:25:14 UTC 2026","1563","tests","test_practice_form","TestPracticeForm","","","test_valid_email_regex[chromium-fully-qualified-domain@example.co.uk]",""
"failed","Wed Oct 07 10:26:08 UTC 2026","Wed Oct 07 10:26:14 UTC 2026","6408","tests","test_practice_form","TestPracticeForm","","","test_invalid_email_regex[chromium-email@-example.com]",""
"passed","Wed Oct 07 10:22:26 UTC 2026","Wed Oct 07 10:22:30 UTC 2026","3115","tests","test_practice_form","TestPracticeForm","","","test_change_color[chromium]",""
"failed","Wed Oct 07 10:23:45 UTC 2026","Wed Oct 07 10:23:51 UTC 2026","6432","tests","test_practice_form","TestPracticeForm","","","test_invalid_name_regex[chromium-invalid_name1]",""
"failed","Wed Oct 07 10:22:10 UTC 2026","Wed Oct 07 10:22:18 UTC 2026","7661","tests","test_practice_form","TestPracticeForm","","","test_all_forms_filled_correctly[chromium]",""
"passed","Wed Oct 07 10:22:33 UTC 2026","Wed Oct 07 10:22:34 UTC 2026","1604","tests","test_practice_form","TestPracticeForm","","","test_valid_email_regex[chromium-simple@example.com]",""
"passed","Wed Oct 07 10:24:59 UTC 2026","Wed Oct 07 10:25:00 UTC 2026","1317","tests","test_practice_form","TestPracticeForm","","","test_upload_valid_image_formats[chromium-picture.gif]",""
"passed","Wed Oct 07 10:24:56 UTC 2026","Wed Oct 07 10:24:57 UTC 2026","1571","tests","test_practice_form","TestPracticeForm","","","test_invalid_phone_number[chromium-+123456789]",""
"passed","Wed Oct 07 10:24:09 UTC 2026","Wed Oct 07 10:24:11 UTC 2026","2038","tests","test_practice_form","TestPracticeForm","","","test_select_state_and_city_cascade[chromium-Uttar Pradesh-cities1]",""
"failed","Wed Oct 07 10:24:34 UTC 2026","Wed Oct 07 10:24:41 UTC 2026","6454","tests","test_practice_form","TestPracticeForm","","","test_upload_invalid_file_formats[chromium-data.json]",""
"passed","Wed Oct 07 10:23:53 UTC 2026","Wed Oct 07 10:23:54 UTC 2026","1617","tests","test_practice_form","TestPracticeForm","","","test_invalid_email_regex[chromium-#@%^%#$@#$@#.com]",""
"failed","Wed Oct 07 10:25:57 UTC 2026","Wed Oct 07 10:26:03 UTC 2026","6249","tests","test_practice_form","TestPracticeForm","","","test_invalid_email_regex[chromium-email..email@example.com]",""
"passed","Wed Oct 07 10:24:25 UTC 2026","Wed Oct 07 10:24:27 UTC 2026","1579","tests","test_practice_form","TestPracticeForm","","","test_invalid_email_regex[chromium-@example.com]",""
"passed","Wed Oct 07 10:22:34 UTC 2026","Wed Oct 07 10:22:36 UTC 2026","1546","tests","test_practice_form","TestPracticeForm","","","test_invalid_email_regex[chromium-plainaddress]",""
"passed","Wed Oct 07 10:24:01 UTC 2026","Wed Oct 07 10:24:02 UTC 2026","1281","tests","test_practice_form","TestPracticeForm","","","test_upload_valid_image_formats[chromium-photo.jpeg]",""
"failed","Wed Oct 07 10:25:00 UTC 2026","Wed Oct 07 10:25:07 UTC 2026","6432","tests","test_practice_form","TestPracticeForm","","","test_upload_invalid_file_formats[chromium-archive.zip]",""
"passed","Wed Oct 07 10:25:07 UTC 2026","Wed Oct 07 10:25:11 UTC 2026","4147","tests","test_practice_form","TestPracticeForm","","","test_select_state_and_city_cascade[chromium-Rajasthan-cities3]",""
"passed","Wed Oct 07 10:24:44 UTC 2026","Wed Oct 07 10:24:46 UTC 2026","1579","tests","test_practice_form","TestPracticeForm","","","test_valid_name_regex[chromium-valid_name3]",""
"passed","Wed Oct 07 10:23:58 UTC 2026","Wed Oct 07 10:23:59 UTC 2026","1621","tests","test_practice_form","TestPracticeForm","","","test_invalid_phone_number[chromium-abcdefghij]",""
"passed","Wed Oct 07 10:23:33 UTC 2026","Wed Oct 07 10:23:36 UTC 2026","2961","tests","test_practice_form","TestPracticeForm","","","test_change_state_resets_city[chromium]",""
"failed","Wed Oct 07 10:23:40 UTC 2026","Wed Oct 07 10:23:43 UTC 2026","2684","tests","test_practice_form","TestPracticeForm","","","test_city_resets_on_state_change[chromium]",""
"passed","Wed Oct 07 10:25:14 UTC 2026","Wed Oct 07 10:25:16 UTC 2026","1529","tests","test_practice_form","TestPracticeForm","","","test_invalid_email_regex[chromium-email.example.com]",""
"failed","Wed Oct 07 10:23:36 UTC 2026","Wed Oct 07 10:23:40 UTC 2026","3643","tests","test_practice_form","TestPracticeForm","","","test_select_only_state_cascade[chromium]",""
"passed","Wed Oct 07 10:24:11 UTC 2026","Wed Oct 07 10:24:12 UTC 2026","1789","tests","test_practice_form","TestPracticeForm","","","test_valid_name_regex[chromium-valid_name2]",""
"passed","Wed Oct 07 10:24:41 UTC 2026","Wed Oct 07 10:24:44 UTC 2026","3290","tests","test_practice_form","TestPracticeForm","","","test_select_state_and_city_cascade[chromium-Haryana-cities2]",""
"failed","Wed Oct 07 10:24:46 UTC 2026","Wed Oct 07 10:24:52 UTC 2026","6354","tests","test_practice_form","TestPracticeForm","","","test_invalid_name_regex[chromium-invalid_name3]",""
"passed","Wed Oct 07 10:22:31 UTC 2026","Wed Oct 07 10:22:33 UTC 2026","1586","tests","test_practice_form","TestPracticeForm","","","test_invalid_name_regex[chromium-invalid_name0]",""
"passed","Wed Oct 07 10:25:19 UTC 2026","Wed Oct 07 10:25:20 UTC 2026","1357","tests","test_practice_form","TestPracticeForm","","","test_upload_valid_image_formats[chromium-icon.webp]",""
"passed","Wed Oct 07 10:23:30 UTC 2026","Wed Oct 07 10:23:31 UTC 2026","1291","tests","test_practice_form","TestPracticeForm","","","test_city_disabled_by_default[chromium]",""
"failed","Wed Oct 07 10:25:27 UTC 2026","Wed Oct 07 10:25:33 UTC 2026","6379","tests","test_practice_form","TestPracticeForm","","","test_valid_email_regex[chromium-user.name+tag+sorting@example.com]",""
"passed","Wed Oct 07 10:23:14 UTC 2026","Wed Oct 07 10:23:15 UTC 2026","1661","tests","test_practice_form","TestPracticeForm","","","test_subjects_remove_badge[chromium]",""
"failed","Wed Oct 07 10:25:39 UTC 2026","Wed Oct 07 10:25:46 UTC 2026","6354","tests","test_practice_form","TestPracticeForm","","","test_invalid_email_regex[chromium-.email@example.com]",""
"passed","Wed Oct 07 10:22:18 UTC 2026","Wed Oct 07 10:22:20 UTC 2026","1861","tests","test_practice_form","TestPracticeForm","","","test_mandatory_filled_correctly[chromium]",""
"passed","Wed Oct 07 10:25:47 UTC 2026","Wed Oct 07 10:25:49 UTC 2026","1415","tests","test_practice_form","TestPracticeForm","","","test_valid_email_regex[chromium-example-indeed@strange-example.com]",""
"passed","Wed Oct 07 10:23:43 UTC 2026","Wed Oct 07 10:23:45 UTC 2026","1554","tests","test_practice_form","TestPracticeForm","","","test_valid_name_regex[chromium-valid_name1]",""
"failed","Wed Oct 07 10:24:12 UTC 2026","Wed Oct 07 10:24:19 UTC 2026","6401","tests","test_practice_form","TestPracticeForm","","","test_invalid_name_regex[chromium-invalid_name2]",""
"passed","Wed Oct 07 10:25:36 UTC 2026","Wed Oct 07 10:25:38 UTC 2026","1371","tests","test_practice_form","TestPracticeForm","","","test_select_dates_via_picker[chromium-30-April-2024-30 Apr 2024]",""
"passed","Wed Oct 07 10:22:30 UTC 2026","Wed Oct 07 10:22:31 UTC 2026","1546","tests","test_practice_form","TestPracticeForm","","","test_valid_name_regex[chromium-valid_name0]",""
"passed","Wed Oct 07 10:25:46 UTC 2026","Wed Oct 07 10:25:47 UTC 2026","1591","tests","test_practice_form","TestPracticeForm","","","test_invalid_phone_number[chromium-123-456-78]",""
"passed","Wed Oct 07 10:23:31 UTC 2026","Wed Oct 07 10:23:33 UTC 2026","2421","tests","test_practice_form","TestPracticeForm","","","test_select_state_and_city_cascade[chromium-NCR-cities0]",""
"passed","Wed Oct 07 10:22:41 UTC 2026","Wed Oct 07 10:22:42 UTC 2026","1558","tests","test_practice_form","TestPracticeForm","","","test_select_dates_via_picker[chromium-1-January-1900-01 Jan 1900]",""
"passed","Wed Oct 07 10:23:51 UTC 2026","Wed Oct 07 10:23:53 UTC 2026","1529","tests","test_practice_form","TestPracticeForm","","","test_valid_email_regex[chromium-very.common@example.com]",""
"passed","Wed Oct 07 10:25:11 UTC 2026","Wed Oct 07 10:25:12 UTC 2026","1582","tests","test_practice_form","TestPracticeForm","","","test_valid_name_regex[chromium-valid_name4]",""
"passed","Wed Oct 07 10:23:15 UTC 2026","Wed Oct 07 10:23:19 UTC 2026","3284","tests","test_practice_form","TestPracticeForm","","","test_incorrect_badge[chromium]",""
"passed","Wed Oct 07 10:25:35 UTC 2026","Wed Oct 07 10:25:36 UTC 2026","1544","tests","test_practice_form","TestPracticeForm","","","test_invalid_phone_number[chromium-123 456 78]",""
"passed","Wed Oct 07 10:24:30 UTC 2026","Wed Oct 07 10:24:32 UTC 2026","1528","tests","test_practice_form","TestPracticeForm","","","test_invalid_phone_number[chromium-12345abcde]",""
"passed","Wed Oct 07 10:22:39 UTC 2026","Wed Oct 07 10:22:41 UTC 2026","1631","tests","test_practice_form","TestPracticeForm","","","test_invalid_phone_number[chromium-123456789]",""
"passed","Wed Oct 07 10:24:32 UTC 2026","Wed Oct 07 10:24:33 UTC 2026","1522","tests","test_practice_form","TestPracticeForm","","","test_select_dates_via_picker[chromium-29-February-2024-29 Feb 2024]",""
"failed","Wed Oct 07 10:26:21 UTC 2026","Wed Oct 07 10:26:27 UTC 2026","6281","tests","test_practice_form","TestPracticeForm","","","test_invalid_email_regex[chromium-Abc..123@example.com]",""
"passed","Wed Oct 07 10:23:59 UTC 2026","Wed Oct 07 10:24:01 UTC 2026","1484","tests","test_practice_form","TestPracticeForm","","","test_select_dates_via_picker[chromium-31-December-2099-31 Dec 2099]",""
"passed","Wed Oct 07 10:22:08 UTC 2026","Wed Oct 07 10:22:10 UTC 2026","1546","tests","test_practice_form","TestPracticeForm","","","test_open_practice_form[chromium]",""
"passed","Wed Oct 07 10:22:42 UTC 2026","Wed Oct 07 10:23:14 UTC 2026","31410","tests","test_practice_form","TestPracticeForm","","","test_invalid_february_31[chromium]",""
"passed","Wed Oct 07 10:22:36 UTC 2026","Wed Oct 07 10:22:37 UTC 2026","1356","tests","test_practice_form","TestPracticeForm","","","test_gender_switch[chromium-Gender.MALE]",""
"passed","Wed Oct 07 10:25:16 UTC 2026","Wed Oct 07 10:25:17 UTC 2026","1551","tests","test_practice_form","TestPracticeForm","","","test_invalid_phone_number[chromium-(123)45678]",""
"passed","Wed Oct 07 10:25:55 UTC 2026","Wed Oct 07 10:25:57 UTC 2026","1545","tests","test_practice_form","TestPracticeForm","","","test_invalid_phone_number[chromium-!@#$%^&*()]",""
"passed","Wed Oct 07 10:22:37 UTC 2026","Wed Oct 07 10:22:39 UTC 2026","1532","tests","test_practice_form","TestPracticeForm","","","test_valid_phone_number[chromium-0000000000]",""
"passed","Wed Oct 07 10:23:28 UTC 2026","Wed Oct 07 10:23:30 UTC 2026","1320","tests","test_practice_form","TestPracticeForm","","","test_current_address_special_characters[chromium]",""
"failed","Wed Oct 07 10:24:02 UTC 2026","Wed Oct 07 10:24:08 UTC 2026","6436","tests","test_practice_form","TestPracticeForm","","","test_upload_invalid_file_formats[chromium-script.exe]",""
"failed","Wed Oct 07 10:25:20 UTC 2026","Wed Oct 07 10:25:27 UTC 2026","6430","tests","test_practice_form","TestPracticeForm","","","test_upload_invalid_file_formats[chromium-virus.bat]",""
"failed","Wed Oct 07 10:22:20 UTC 2026","Wed Oct 07 10:22:26 UTC 2026","6604","tests","test_practice_form","TestPracticeForm","","","test_empty_all_fields[chromium]",""
"passed","Wed Oct 07 10:24:27 UTC 2026","Wed Oct 07 10:24:28 UTC 2026","1435","tests","test_practice_form","TestPracticeForm","","","test_gender_switch[chromium-Gender.OTHER]",""
"passed","Wed Oct 07 10:25:33 UTC 2026","Wed Oct 07 10:25:35 UTC 2026","1592","tests","test_practice_form","TestPracticeForm","","","test_invalid_email_regex[chromium-email@example@example.com]",""
"passed","Wed Oct 07 10:26:27 UTC 2026","Wed Oct 07 10:26:29 UTC 2026","1558","tests","test_practice_form","TestPracticeForm","","","test_invalid_email_regex[chromium-admin@mailserver1]",""
"passed","Wed Oct 07 10:26:05 UTC 2026","Wed Oct 07 10:26:06 UTC 2026","1567","tests","test_practice_form","TestPracticeForm","","","test_invalid_email_regex[chromium-email@example.com (Joe Smith)]",""
"passed","Wed Oct 07 10:24:52 UTC 2026","Wed Oct 07 10:24:54 UTC 2026","1571","tests","test_practice_form","TestPracticeForm","","","test_valid_email_regex[chromium-other.email-with-hyphen@example.com]",""
"passed","Wed Oct 07 10:23:56 UTC 2026","Wed Oct 07 10:23:57 UTC 2026","1695","tests","test_practice_form","TestPracticeForm","","","test_valid_phone_number[chromium-1234567890]",""
"passed","Wed Oct 07 10:24:33 UTC 2026","Wed Oct 07 10:24:34 UTC 2026","1280","tests","test_practice_form","TestPracticeForm","","","test_upload_valid_image_formats[chromium-image.png]",""
"passed","Wed Oct 07 10:26:06 UTC 2026","Wed Oct 07 10:26:08 UTC 2026","1440","tests","test_practice_form","TestPracticeForm","","","test_invalid_email_regex[chromium-email@example]",""
"passed","Wed Oct 07 10:25:38 UTC 2026","Wed Oct 07 10:25:39 UTC 2026","1548","tests","test_practice_form","TestPracticeForm","","","test_valid_email_regex[chromium-x@example.com]",""
"failed","Wed Oct 07 10:26:14 UTC 2026","Wed Oct 07 10:26:21 UTC 2026","6401","tests","test_practice_form","TestPracticeForm","","","test_invalid_email_regex[chromium-email@example..com]",""
"passed","Wed Oct 07 10:23:20 UTC 2026","Wed Oct 07 10:23:22 UTC 2026","1281","tests","test_practice_form","TestPracticeForm","","","test_upload_valid_image_formats[chromium-avatar.jpg]",""
"passed","Wed Oct 07 10:23:19 UTC 2026","Wed Oct 07 10:23:20 UTC 2026","1701","tests","test_practice_form","TestPracticeForm","","","test_unselect_hobby[chromium]",""
